index,randomTime0(seconds),randomX0(meters),randomY0(meters),randomTime1(seconds),randomX1(meters),randomY1(meters),randomTime2(seconds),randomX2(meters),randomY2(meters),randomTime3(seconds),randomX3(meters),randomY3(meters),randomTime4(seconds),randomX4(meters),randomY4(meters),randomTime5(seconds),randomX5(meters),randomY5(meters),randomTime6(seconds),randomX6(meters),randomY6(meters),randomTime7(seconds),randomX7(meters),randomY7(meters),randomTime8(seconds),randomX8(meters),randomY8(meters),randomTime9(seconds),randomX9(meters),randomY9(meters),randomTime10(seconds),randomX10(meters),randomY10(meters),randomTime11(seconds),randomX11(meters),randomY11(meters),randomTime12(seconds),randomX12(meters),randomY12(meters),randomTime13(seconds),randomX13(meters),randomY13(meters),randomTime14(seconds),randomX14(meters),randomY14(meters),randomTime15(seconds),randomX15(meters),randomY15(meters),randomTime16(seconds),randomX16(meters),randomY16(meters),randomTime17(seconds),randomX17(meters),randomY17(meters),randomTime18(seconds),randomX18(meters),randomY18(meters),randomTime19(seconds),randomX19(meters),randomY19(meters),randomTime20(seconds),randomX20(meters),randomY20(meters),randomTime21(seconds),randomX21(meters),randomY21(meters),randomTime22(seconds),randomX22(meters),randomY22(meters),randomTime23(seconds),randomX23(meters),randomY23(meters)
0,23,4237,5103,3609,7479,132,7209,3107,104,10808,4454,800,14409,7680,1482,18006,2269,288,21607,6830,7373,25205,8703,2459,28823,4567,2542,32461,6891,4205,36003,5417,7320,39649,710,2810,43231,8121,3797,46817,385,5755,50415,1689,5669,54006,3247,2166,57610,2453,3168,61224,7940,1420,64825,581,4991,68401,1833,5864,72020,2650,7444,75662,4932,6281,79202,3835,3106,82908,3458,8768
1,24,8251,323,3634,7724,4785,7269,3942,3570,10809,5852,5050,14435,2835,4174,18014,6514,6419,21610,5801,6160,25225,5370,2088,28847,6559,4793,32473,449,7335,36004,1172,8174,39671,3433,113,43264,1312,6929,46829,645,5146,50416,817,3012,54099,7062,2172,57615,8672,5714,61226,1619,7345,64838,2090,3757,68408,80,3649,72101,3708,2183,75687,6314,7407,79246,2871,3961,82912,1863,177
2,59,4893,34,3649,4954,5250,7281,4444,3564,10838,3074,8079,14461,5319,3843,18033,7733,8841,21621,8727,4561,25240,5915,8439,28858,7643,5682,32506,4894,4248,36051,5428,4851,39705,5863,8420,43323,3418,5265,46848,4452,3008,50418,531,1191,54135,2740,6402,57624,7908,8529,61231,7696,201,64846,936,1776,68440,6000,7225,72129,4854,1068,75747,6562,396,79249,3884,7140,82920,4431,6022
3,85,3597,3302,3655,2309,2855,7319,4330,4500,10847,8244,283,14466,1602,5155,18040,2554,8054,21645,1461,7893,25243,2485,8995,28905,685,1130,32506,1766,4852,36059,7931,5536,39794,8177,8630,43369,5294,6993,46852,8750,195,50432,3585,3445,54146,1951,1292,57632,1233,978,61235,2164,5525,64875,4653,773,68445,6413,8277,72130,7347,8170,75779,2841,2950,79265,6076,3425,82944,8473,4471
4,97,5893,2847,3664,3653,3245,7374,4965,3451,10863,8801,8619,14498,3942,1137,18043,8720,6591,21665,117,5501,25253,8785,2536,28916,1075,8942,32509,5189,489,36096,3660,6717,39795,5232,5064,43385,3860,1176,46862,8369,6319,50447,2033,1114,54156,676,1135,57638,883,5098,61286,922,6715,64909,5562,7096,68455,3064,4542,72147,234,640,75781,2394,8170,79302,2272,5728,82968,4803,7074
5,99,6799,434,3689,7846,1270,7401,7750,3289,10913,2121,4550,14526,1768,3256,18083,4907,7757,21667,6358,3570,25294,7856,4417,28954,1747,3556,32519,5357,3645,36096,702,6325,39865,7157,7326,43404,167,4859,46863,4015,3100,50462,2182,4420,54174,5799,8027,57645,5277,8599,61307,5495,1205,64960,3801,6351,68494,8368,6131,72148,925,4170,75817,694,5104,79334,8576,1048,82986,6473,8368
6,116,7137,2659,3701,2502,1393,7406,3383,8628,10939,8151,106,14531,2426,3374,18086,34,4681,21681,5540,6222,25308,4419,5586,28959,896,7827,32522,3890,830,36115,2852,8666,39870,951,6079,43420,7729,7367,46873,4906,6806,50519,5044,8587,54232,1958,5724,57673,5844,6778,61316,8204,5888,64965,34,3609,68544,1977,4871,72148,7112,8691,75821,7943,8872,79366,5726,4597,82988,4710,3528
7,133,5176,5708,3717,4594,8664,7413,2211,3270,10961,4937,8210,14544,3791,1107,18154,7664,1276,21708,5106,4585,25334,1212,3096,28961,3668,6638,32566,3989,5539,36122,1067,401,39901,3642,2495,43422,4005,448,46875,6942,4042,50528,2482,6405,54244,8678,1892,57676,4461,1792,61394,3748,2542,65009,7776,1290,68564,6345,3291,72174,7781,385,75834,366,3973,79403,1698,166,83016,6852,7581
8,134,6151,4309,3721,5889,180,7427,6841,5670,11017,5022,5573,14567,1604,7099,18166,2741,7739,21761,4688,5148,25342,6494,5019,28963,1502,4232,32577,5583,4780,36157,3497,963,39903,5685,3389,43441,8790,3681,46875,8719,4877,50543,6455,6398,54315,5530,8322,57685,8438,5522,61399,2644,8432,65021,8983,1699,68574,6506,2505,72223,8240,4987,75840,1425,1112,79404,8732,7104,83047,1741,6211
9,141,5897,1857,3736,1845,7526,7430,4954,7974,11103,1788,6658,14605,6815,4217,18167,1444,8416,21764,7614,1153,25354,5129,778,28992,8402,7521,32581,1268,810,36172,2356,5107,39921,1485,3606,43453,4334,1833,46878,5734,3310,50549,6642,1669,54325,1831,2699,57707,7860,2294,61414,3832,4411,65022,2278,1533,68626,5868,2029,72225,3695,8036,75859,4593,6581,79460,8655,8831,83049,4028,1149
10,144,5996,3075,3743,4019,6328,7441,2446,3713,11144,5099,4677,14612,277,1388,18177,8269,1843,21776,6800,3180,25355,2909,4453,28994,5868,3743,32593,231,82,36229,2502,738,39930,3270,2208,43490,1038,2709,46881,8610,7518,50601,439,6048,54329,8190,7365,57707,8334,8217,61421,0,4965,65067,3747,1899,68631,2094,975,72255,2885,327,75915,2835,312,79464,7340,17,83068,1076,5762
11,172,4010,7041,3767,3763,4746,7466,5171,1932,11148,978,130,14621,5450,5688,18192,1654,7111,21822,1209,5829,25396,1600,848,29040,3580,4910,32599,2846,8703,36231,3769,4766,39965,2644,4545,43527,7059,8134,46883,8476,3532,50616,7701,786,54331,7304,7751,57707,1915,4256,61441,1493,5387,65086,5068,5793,68638,8761,1580,72275,4329,5433,75948,1841,4621,79466,6396,4474,83113,5367,1390
12,197,7755,1456,3800,6269,6095,7469,6096,1630,11209,1347,6394,14663,6749,8661,18262,8911,209,21885,6879,1353,25405,4778,6369,29071,6942,3223,32636,5883,2353,36232,8679,7482,39976,4051,365,43534,3337,8965,46886,3307,174,50634,8896,2484,54402,8380,4573,57712,1419,2073,61501,6896,8150,65120,2934,4634,68641,967,8953,72280,2608,1880,75954,697,1143,79497,8867,4109,83121,3020,7137
13,233,8689,434,3805,4308,986,7488,4411,624,11241,2963,3517,14678,4693,452,18271,5272,6828,21927,6306,3656,25409,8291,891,29090,7005,5209,32679,538,8134,36273,796,6156,40009,8500,7828,43555,4640,5235,46929,4380,6800,50674,78,2987,54408,5952,6236,57713,767,6505,61504,3774,1489,65158,2042,903,68678,398,7769,72296,8145,2955,75957,5672,629,79512,3982,4871,83129,132,8130
14,274,5572,2138,3811,8329,115,7606,1033,4341,11288,1759,5923,14746,6403,7858,18275,328,1247,21956,1673,2629,25424,7900,1852,29120,5478,6035,32730,8397,7711,36273,575,4107,40027,1773,6803,43581,7763,801,46957,887,8422,50692,7580,4958,54450,119,4776,57741,7751,8647,61505,2963,3201,65158,4040,3878,68695,2633,6982,72325,504,926,76007,5841,594,79522,7943,52,83131,7803,2112
15,282,3311,5961,3835,3988,8609,7627,1073,292,11293,2172,1384,14748,97,1700,18332,7360,6084,22008,6029,8115,25431,2418,7958,29151,8357,2953,32748,6806,6443,36281,2271,5472,40043,7434,1694,43595,582,5125,46975,7260,3584,50711,1589,1023,54455,3023,4612,57746,8851,3410,61522,5173,545,65196,7221,5078,68739,8524,5760,72373,338,4513,76009,1489,930,79558,6766,6714,83173,7584,1129
16,294,379,4827,3846,5760,4635,7641,734,7931,11306,4468,7632,14766,3809,4399,18369,8577,180,22010,4986,7614,25447,626,6936,29186,504,2704,32767,4046,7193,36282,4173,7440,40044,5831,468,43605,5044,7991,46979,1827,8058,50724,2347,8372,54462,7140,3709,57761,7030,2050,61529,2612,5940,65249,6696,6199,68744,6621,3108,72398,7362,4872,76026,6319,2927,79616,6289,6045,83176,3344,1231
17,300,2160,8295,3956,8513,4911,7725,1060,3541,11309,3401,8697,14768,4027,6161,18410,8188,1948,22015,3885,7215,25480,7979,4455,29208,3445,466,32781,3895,6900,36296,4198,457,40087,4469,410,43607,4981,7139,46988,8678,7501,50727,7770,5138,54462,3700,4630,57787,1011,753,61542,6268,6258,65256,8614,6928,68759,4274,473,72408,1865,3268,76031,3849,965,79623,2616,3750,83179,3482,6472
18,307,5163,8211,3964,709,7586,7743,7139,4038,11310,6388,6880,14768,7758,605,18427,855,5209,22023,530,5048,25490,6160,8415,29256,7956,6537,32790,83,4865,36353,3904,3556,40087,3382,4511,43608,482,4778,46993,4415,7362,50733,1813,5350,54484,4511,5362,57808,2620,1242,61546,2105,6210,65261,6937,1213,68761,2296,8028,72418,4567,3789,76064,4260,4899,79627,8407,6760,83221,424,1718
19,320,3784,5064,4006,1562,8843,7752,1623,7098,11340,1314,7227,14779,240,6072,18445,1159,3152,22039,3842,5653,25518,2955,5542,29285,3903,4529,32792,3041,6316,36366,842,4247,40127,5191,5338,43613,4873,4536,46997,796,1676,50745,3414,1883,54514,3036,447,57817,2712,5096,61577,8689,4241,65275,5904,3124,68829,3831,8443,72446,3847,4834,76102,7849,8927,79644,1153,872,83223,3169,1755
20,327,4886,6458,4067,2215,3014,7822,1956,1397,11343,132,2448,14822,5464,1431,18475,1233,5390,22046,5418,8091,25522,5016,3427,29291,6462,2926,32819,1544,706,36404,2958,1029,40141,1752,8942,43625,8251,2508,47004,5707,6578,50748,6828,3505,54542,7998,7946,57834,4657,8002,61593,7598,6871,65281,7106,5509,68932,445,972,72480,5555,4605,76112,1231,5799,79658,4005,7202,83234,1381,8243
21,332,3921,7286,4078,6410,8516,7824,2483,5580,11359,673,1632,14829,1422,6223,18481,1683,6100,22073,4088,2912,25566,6393,7486,29323,1774,2422,32820,2753,8966,36420,7725,4273,40155,6576,2858,43648,6389,7812,47007,6592,2015,50764,1632,4042,54546,6914,2031,57839,4026,4357,61598,6583,6360,65304,200,2276,68933,6714,8881,72505,8291,3643,76132,7569,5317,79683,3433,2701,83271,7183,3183
22,332,5689,3372,4086,4682,6929,7826,5950,7860,11386,4969,7853,14893,7554,1976,18520,5781,8837,22074,1396,3472,25610,3154,3601,29337,2291,3718,32833,1780,6055,36445,7669,3589,40159,4598,3868,43738,2258,2764,47010,6892,3371,50818,3084,3914,54554,741,4581,57840,2687,3706,61615,7108,108,65360,3468,4503,68937,1900,1758,72577,5370,431,76160,4054,6718,79692,7065,7567,83339,5998,4833
23,345,81,2883,4087,1197,6078,7835,3319,5854,11404,5672,3901,14914,6209,7014,18593,130,3647,22094,8065,5256,25619,587,2569,29338,7974,6368,32862,3290,4327,36483,8475,732,40180,2196,4497,43759,4620,5685,47019,6132,1877,50875,6969,228,54554,4890,2434,57851,3222,2318,61619,8586,2599,65415,43,2288,68945,2632,158,72580,2238,1896,76184,5657,6830,79721,6607,761,83393,4393,7785
24,373,4710,8816,4122,8946,5436,7838,154,6083,11424,2945,7673,14923,8042,4985,18623,1170,1849,22104,8357,2371,25638,3627,8722,29339,4067,8865,32867,3523,7492,36496,5280,4452,40198,5713,5580,43775,256,2469,47056,1805,3748,50886,8918,1048,54567,6205,5834,57862,1526,8793,61642,3616,1743,65417,7343,6946,68968,7190,4388,72583,6932,6471,76192,8877,5681,79742,2764,1019,83422,3533,6571
25,412,468,3944,4123,8147,3235,7856,3360,3268,11427,1261,5568,14926,3309,8685,18634,4857,2958,22136,3995,604,25672,3807,6611,29342,7838,7523,32875,6078,7982,36507,902,5279,40227,1696,1316,43800,7910,7201,47125,2379,8104,50891,6156,3528,54609,4611,4080,57865,2448,299,61655,8965,1921,65434,8016,4965,69015,4766,138,72586,7048,409,76201,4069,1449,79796,6879,7147,83435,7734,4674
26,429,8854,340,4128,7236,7823,7891,3553,847,11443,7288,4670,14933,1352,4148,18640,5792,1538,22147,6452,7328,25714,1262,759,29389,3332,1376,32891,7568,7763,36514,8416,3624,40242,3820,8635,43861,8270,4865,47126,2903,7722,50893,5463,8114,54615,3455,5975,57881,8745,4338,61662,1944,2385,65435,7390,3291,69040,390,8779,72591,3923,2058,76280,4980,2193,79815,6926,6884,83442,630,2328
27,434,6622,6948,4211,4446,4692,7902,6967,946,11457,2081,4397,15025,7625,7221,18646,1909,8758,22152,6849,1495,25757,8574,6147,29409,5550,8470,32907,3355,417,36566,7639,1754,40258,8012,1437,43874,7319,1072,47158,7111,8021,50908,1199,1353,54643,398,999,57931,1615,8870,61666,2332,3835,65486,7253,2333,69069,8792,6148,72594,7182,2781,76384,5506,8737,79842,5817,7180,83449,6130,4381
28,486,7135,139,4246,2392,5814,7997,3183,538,11461,4463,266,15042,935,6791,18654,3773,5539,22152,3132,26,25758,4046,509,29441,4732,4657,32917,2237,5770,36598,6200,466,40268,2988,8683,43922,6222,7913,47217,5336,3717,50909,211,5690,54644,4028,2464,57976,7052,5585,61695,4157,135,65493,6325,8584,69075,975,8118,72624,5891,6240,76402,2032,3968,79887,8107,7539,83456,1191,8173
29,577,2616,4823,4283,8771,8148,8005,8351,2886,11485,5690,5049,15046,6769,6494,18678,4451,8712,22169,1186,8973,25800,531,6756,29453,3223,3777,32919,8679,3809,36604,4085,7960,40294,5816,375,43923,1583,1240,47225,6491,6871,50917,1797,1579,54704,2426,3958,57977,1085,2429,61713,7670,5679,65510,4748,8680,69104,8884,1547,72649,7795,3391,76405,6006,2720,79902,2584,3113,83477,6902,1867
30,591,832,4600,4304,4054,8986,8010,8367,7658,11521,2384,1709,15081,5221,8384,18689,4601,5127,22190,8475,6102,25802,8958,6118,29478,102,979,32925,958,8630,36641,1800,7967,40295,6207,7393,43958,7053,2314,47226,5388,4486,50930,8672,846,54718,1768,6125,58006,2742,4376,61725,2924,1542,65539,6633,76,69109,7369,8442,72659,6029,499,76429,272,6477,79927,7165,3100,83494,829,3051
31,618,5683,5010,4335,3175,3078,8021,1132,8612,11528,1828,6631,15093,5070,5606,18703,3809,2667,22190,1824,1729,25809,4430,5744,29507,2021,2572,32927,7221,8040,36654,2437,3816,40338,3180,3193,43969,8940,1392,47279,5921,7413,50933,5868,1575,54734,5747,7577,58006,5251,4082,61733,6262,707,65548,4870,2210,69115,3925,8393,72671,2803,4418,76450,4741,6185,79931,3193,1097,83543,4086,1615
32,653,8766,8438,4339,486,208,8024,3137,3151,11541,2720,2730,15115,676,7481,18719,5340,3192,22193,2818,487,25824,285,7547,29522,8852,8898,32934,7739,6422,36687,7579,681,40367,3197,1279,43969,5057,2080,47287,6774,6317,50966,138,6877,54744,8807,2638,58026,7233,1653,61757,690,3513,65566,5764,8359,69149,1352,7620,72673,3308,3108,76482,7702,2359,79965,2184,8551,83554,2197,8823
33,665,1699,4580,4350,4495,3641,8045,3284,4271,11668,8457,4382,15154,8180,6468,18725,6653,8525,22217,6890,7236,25826,2643,5335,29529,1748,8642,32936,3691,1829,36698,7470,4346,40371,3453,1771,43973,7870,5501,47296,8839,2625,50969,775,785,54760,2369,8078,58046,57,7053,61795,7526,8682,65608,417,700,69154,5600,7095,72711,6302,6194,76489,5170,2537,79978,1973,8174,83573,2161,5820
34,671,785,456,4355,4049,6579,8057,6288,2813,11680,2957,5333,15201,6827,4724,18805,2121,5124,22218,7980,2637,25838,7576,3386,29531,3662,2301,32996,411,6874,36716,8008,149,40380,5436,8021,43977,8748,7241,47343,7243,4276,50990,6369,7734,54814,7554,5098,58076,4807,3480,61842,663,3403,65614,7488,466,69166,5046,2738,72714,6661,796,76514,6133,7724,79993,8557,3672,83576,5280,305
35,698,7325,7949,4361,1768,3179,8060,4056,2453,11684,500,3450,15209,5138,5290,18881,7419,8455,22266,5325,5308,25899,6754,5065,29573,2670,890,33057,3367,4888,36728,7681,5699,40404,2100,6819,43985,2003,3344,47358,8719,6443,51001,2311,6886,54835,3024,1714,58093,1944,3417,61882,6169,5481,65639,2272,6530,69167,849,2058,72753,3038,8521,76542,5086,7947,80024,2530,218,83614,3272,5418
36,703,1609,4256,4442,5985,1255,8062,1607,8492,11691,2650,6373,15224,924,2990,18893,5234,8838,22305,5673,2230,25908,5454,3705,29628,7231,6621,33092,1198,982,36757,1157,5005,40424,2665,2998,44008,2526,7293,47367,3542,8388,51034,1283,1828,54838,5001,4037,58097,8651,354,61968,5640,8310,65659,3916,2500,69177,7089,6405,72754,3220,2943,76544,409,6359,80034,729,6107,83645,5577,4882
37,724,7930,1780,4486,8606,5185,8106,4477,4180,11720,1711,8198,15238,6160,5908,18908,78,7087,22309,6650,1054,25924,2075,505,29632,4759,8270,33150,6398,8478,36780,7567,1004,40430,832,5394,44017,2813,7783,47374,4919,1458,51040,3352,3837,54848,6623,7533,58157,1318,4212,61970,2659,531,65661,8450,8617,69180,1383,4424,72764,3390,1852,76549,8614,4308,80059,7764,4799,83682,1952,8908
38,730,395,3373,4522,1037,7597,8130,6370,7044,11740,5055,2530,15283,3437,8083,18934,5066,8453,22333,6088,2922,25925,3689,7054,29633,5923,6821,33157,6615,3670,36784,39,5409,40431,106,5613,44052,3590,8613,47386,2963,4937,51047,5862,743,54911,8309,6609,58160,2156,5297,61973,244,8542,65700,4688,2903,69210,3476,1785,72765,2538,642,76560,1852,1191,80066,3004,1583,83691,2132,8731
39,850,3552,7558,4543,6341,3923,8159,6270,7711,11753,2405,6926,15312,3730,7724,18934,147,1640,22399,6310,3401,25988,5991,1571,29638,141,7557,33186,4885,1786,36785,2121,6296,40431,4619,354,44075,311,4658,47437,7618,1720,51080,7117,5838,54913,3695,4749,58184,8745,4370,61976,1941,433,65725,5554,4351,69211,7190,5144,72787,8268,8637,76562,8231,6813,80073,3334,7194,83693,2415,4762
40,850,8222,3879,4546,7025,252,8164,464,7441,11762,1909,1369,15318,7979,7723,18961,7053,2460,22406,4779,1806,26011,5425,1536,29642,6186,3706,33187,4326,3577,36811,5438,5764,40434,5228,642,44140,4986,8080,47448,4970,8147,51124,1455,6660,54923,3292,2336,58208,3089,1484,61982,6751,7104,65772,450,8507,69214,1958,7337,72811,1412,7588,76569,3144,1851,80076,8830,905,83699,4353,1229
41,854,7004,7508,4546,2870,282,8170,7806,754,11776,8270,1306,15340,1066,6102,18964,5751,1866,22474,7674,8984,26017,4245,2212,29645,2760,5772,33265,2295,773,36818,5509,4057,40449,6933,8313,44149,2441,3360,47460,4670,3426,51144,332,8740,54964,7546,3558,58210,1949,8015,61984,8335,403,65784,3624,8552,69216,6121,6883,72819,7335,7893,76578,4797,1219,80100,5442,4673,83743,2349,1405
42,867,1816,984,4558,8252,1896,8185,3889,5674,11797,83,2733,15353,1549,2918,18999,8041,1310,22476,4840,4423,26021,7072,2285,29653,6218,1089,33306,6013,5047,36821,6897,6393,40454,1112,7969,44185,2720,3467,47489,8007,6321,51156,8865,6185,55008,2594,2508,58223,4108,7959,61988,639,5601,65802,3180,3632,69251,3776,4578,72837,6092,6205,76643,962,2583,80131,5211,6617,83792,7050,6651
43,874,3429,493,4592,6848,4272,8188,1628,216,11798,8108,1205,15355,3182,4746,19000,8957,3155,22489,8473,3015,26035,5354,1071,29672,4833,4028,33314,6368,6132,36849,8591,7912,40461,5270,1623,44237,1164,4644,47505,7304,3666,51193,8905,1664,55008,5300,6241,58228,1559,4999,62025,955,8076,65835,8817,3439,69273,1102,4564,72866,8639,2875,76644,7162,5916,80138,3780,6160,83811,8563,6927
44,910,4765,6779,4651,3537,4389,8206,2534,4790,11800,6336,7549,15401,4793,2420,19009,1233,7894,22523,1087,8255,26061,7542,467,29687,4411,8034,33328,4397,2724,36850,7524,747,40462,6485,3526,44278,6852,2248,47509,7385,1089,51195,6699,86,55017,8007,1523,58228,1756,6126,62143,3787,7869,65838,872,4447,69287,1983,4169,72876,3800,8217,76674,7436,6920,80171,7416,6548,83851,1334,5414
45,911,5976,2000,4680,2594,4056,8219,3540,5323,11825,7051,6938,15508,1383,1581,19032,2628,7595,22637,2387,8156,26079,2612,5828,29727,6166,8057,33335,2195,7704,36852,8432,1465,40463,7353,5546,44285,902,6193,47520,6603,5197,51200,4157,2317,55040,8504,763,58342,3325,7442,62151,7292,5058,65857,3863,4528,69306,2073,2685,72890,7275,4479,76691,1011,8600,80198,5738,643,83865,2337,5897
46,955,6792,4483,4682,5377,6620,8228,7829,2838,11900,613,2881,15523,3723,608,19083,1868,33,22647,5469,6013,26113,151,1718,29738,8187,3131,33365,725,4842,36931,2028,4433,40468,1520,2866,44289,387,3853,47535,1814,7486,51216,3755,4519,55057,6581,4107,58373,8679,1689,62156,2507,6840,65867,1514,6479,69321,5152,4707,72921,7697,7424,76699,1412,3054,80209,4542,4687,83867,4989,4668
47,971,4117,734,4685,6430,2056,8300,3270,127,11915,3356,7717,15530,2493,543,19108,1742,4112,22651,8386,4218,26139,7158,4856,29757,8211,8697,33407,5481,5063,36943,8033,7655,40507,639,87,44303,937,7204,47540,1673,7666,51227,2891,5674,55059,8305,2907,58383,6603,3818,62162,7706,6109,65913,1550,938,69347,1943,1166,72922,4131,5773,76734,8054,3287,80211,7979,5097,83870,343,7480
48,990,4334,7638,4712,4066,6947,8301,4196,3938,11954,7655,798,15536,8936,5179,19139,2616,1776,22653,3270,2137,26154,4035,6321,29764,2580,3641,33428,464,34,36945,7964,3751,40551,2573,5946,44306,1844,131,47545,1787,6040,51235,430,870,55060,7032,2903,58386,8037,3069,62166,6359,2525,65933,7014,7602,69363,3829,5736,72941,3865,3971,76784,5809,4785,80250,118,8396,83892,4953,8429
49,990,566,4228,4767,8057,6397,8345,8869,8663,11962,6874,3474,15537,6650,7655,19186,5419,3617,22686,3750,4128,26195,3010,85,29770,2935,679,33459,8283,6000,36956,830,5330,40563,59,7678,44315,4249,5656,47554,5130,6834,51251,8156,620,55077,1194,4825,58397,6528,529,62171,6556,8176,65972,3160,73,69367,7378,367,72993,7450,1270,76800,116,638,80262,3965,2690,83894,4325,68
50,1065,8626,1276,4771,5994,6671,8347,5120,7202,11986,2119,4820,15545,8730,8015,19218,5832,636,22697,8614,4978,26212,156,3632,29781,646,957,33482,8670,2031,36979,5331,5496,40626,8281,983,44320,3908,5130,47564,3488,8439,51260,5940,4958,55091,8219,2564,58405,8631,8669,62201,1320,5953,66004,7151,6979,69396,6722,6942,73011,319,4382,76812,819,1242,80284,4379,516,83926,5574,2325
51,1098,1368,6911,4791,6772,1661,8376,4079,8935,11998,7093,5987,15555,4075,2219,19224,6154,925,22715,6811,6385,26231,8347,3472,29824,3931,2154,33498,44,6945,37002,7044,1737,40667,2813,7014,44322,6342,7128,47577,7576,136,51289,1697,7541,55111,1176,2007,58412,8976,1595,62202,4472,4232,66013,3507,4628,69407,4609,7425,73062,320,6643,76838,3121,1459,80297,6964,1696,83964,5931,2907
52,1119,7030,7351,4839,4576,8622,8385,5947,492,12054,1530,6473,15558,8455,6737,19249,4287,7842,22739,569,1497,26231,5081,4299,29827,6256,2734,33514,8508,5574,37024,4843,2983,40760,2866,1400,44352,3069,8160,47609,1227,2544,51290,8188,621,55135,3993,1101,58417,1895,2361,62242,1503,2505,66034,3014,7568,69429,5648,4306,73075,73,5024,76845,4711,5998,80347,7151,3745,83970,6463,2228
53,1163,5518,1552,4877,2009,2936,8407,862,6850,12082,4496,3487,15577,4532,7688,19282,6831,8646,22754,4533,2778,26241,5593,3687,29837,6287,908,33535,5247,4985,37039,1931,131,40773,8978,2036,44370,8316,4731,47621,3672,6699,51297,4069,6877,55175,6921,4440,58555,7679,346,62251,508,6561,66037,6305,267,69441,3804,2876,73095,3580,3530,76860,7136,2408,80359,6263,4695,83970,1544,5798
54,1182,5222,7110,4889,7442,3430,8411,2198,2752,12090,7630,3172,15577,697,2577,19283,2297,3303,22759,7651,1852,26262,6023,1693,29845,8698,6043,33608,3418,6730,37059,4679,6862,40802,5263,6141,44383,316,8422,47631,4619,5300,51335,7813,7243,55220,8544,5124,58589,1063,8784,62265,5025,321,66057,7231,7559,69471,6154,6592,73097,1957,1654,76890,1164,4988,80365,6345,6732,83974,4420,4227
55,1255,2559,5368,4901,3374,7341,8415,4091,8722,12134,5415,134,15580,861,909,19306,7727,3477,22791,8343,667,26267,4478,6393,29849,8249,888,33622,612,935,37070,2199,488,40822,1728,2773,44391,8771,6179,47651,7054,7632,51355,2548,163,55289,8360,2205,58594,2275,5075,62273,4072,5017,66058,5829,8135,69471,1342,3135,73117,1721,5293,76891,3331,3124,80412,7299,892,83982,5958,4919
56,1260,6676,7207,4927,2305,7417,8418,5131,3403,12154,455,4493,15583,492,1553,19321,3141,6182,22792,524,7244,26278,6067,8510,29901,951,8454,33654,1554,6612,37079,8021,941,40835,6159,1286,44393,6262,1595,47735,5499,347,51368,2733,2939,55421,7197,2611,58599,2781,8750,62276,4822,7805,66107,3152,3088,69497,4527,1551,73118,666,2044,76895,8711,6860,80443,4232,3607,83989,4186,1713
57,1295,733,6599,4952,4122,2822,8420,5106,6268,12158,1683,818,15586,1823,5545,19346,1135,928,22805,51,2110,26301,7812,4843,29919,8432,1009,33657,5690,7652,37087,299,1572,40874,7101,1950,44416,6499,6771,47741,6903,7107,51371,4211,7244,55452,8686,3900,58606,1658,6246,62278,3490,1335,66134,5738,775,69504,1452,7456,73118,5786,3590,76934,2117,2294,80470,1760,2645,83996,3041,6199
58,1297,4971,6722,4958,144,242,8420,8685,7795,12189,7870,6072,15629,4781,6951,19346,6079,1887,22825,77,6679,26384,3243,7656,29953,8374,2070,33664,1622,6985,37126,8934,2913,40887,437,7683,44441,1599,1642,47783,5440,6322,51391,2758,4353,55499,2432,3485,58643,7413,4034,62350,1724,5229,66141,2329,40,69509,1179,866,73124,8569,5677,76963,1490,992,80501,7456,2387,84000,1730,1607
59,1317,2567,8622,4983,7279,3100,8431,7199,7532,12217,7077,8590,15645,7860,717,19375,3399,2559,22835,7786,408,26390,3449,7381,29960,6740,7114,33666,8766,2960,37129,7994,3651,40900,6633,439,44446,1502,5871,47789,623,6303,51409,7317,5794,55555,6546,4148,58653,1988,603,62362,2599,23,66149,8024,7550,69522,5771,8884,73135,5514,7853,76974,904,174,80502,272,6043,84036,8006,3632
60,1391,7030,481,4990,4155,4071,8434,923,2579,12242,4636,750,15706,3918,2255,19377,7762,3101,22837,6281,3975,26426,8786,3537,29967,1349,2722,33684,4854,8975,37167,915,5896,40910,6031,5392,44496,1051,3148,47792,5880,7144,51421,2707,5299,55557,3918,8165,58686,1961,7227,62430,7934,2323,66169,5831,8251,69534,7819,7269,73135,2834,4145,76979,8576,5217,80507,7766,1121,84070,4847,5405
61,1398,8920,4899,5012,3898,716,8459,3825,6886,12250,3271,3500,15711,6818,1034,19427,4701,3799,22840,7393,1528,26452,6922,829,29977,6308,3855,33717,4427,5098,37171,5610,3933,40942,135,746,44515,5918,1381,47809,8601,6424,51472,6545,2945,55570,1086,4247,58687,1823,3278,62466,764,3437,66175,3030,6462,69547,2552,3054,73171,7658,6010,76980,7543,5557,80555,5432,6708,84072,6311,2089
62,1411,1218,3397,5048,5411,582,8488,2048,5880,12281,1759,6005,15712,8214,5347,19439,5319,1555,22843,5609,8677,26456,7613,4307,30038,4506,6697,33723,3172,582,37176,872,2889,40963,1878,7422,44536,3193,4131,47840,3658,1591,51473,7575,5949,55600,3362,7406,58722,2541,8973,62485,1703,4847,66188,7780,6428,69549,5047,5795,73180,4077,2654,76988,2814,1130,80562,899,8520,84081,4821,3266
63,1426,4704,3021,5122,1439,863,8555,1722,7750,12282,1820,8525,15739,8790,2739,19452,6021,8422,22843,2665,3164,26474,8494,4294,30061,1826,751,33730,337,8088,37186,3390,631,40990,6635,8520,44542,8593,6340,47867,4281,7806,51487,5229,3731,55637,6392,5119,58774,6094,5922,62516,5830,3228,66236,8709,1807,69584,1385,5141,73202,6168,4436,77016,4322,8310,80570,5907,582,84112,186,3756
64,1442,4733,1278,5147,1118,1452,8561,5425,5093,12303,4233,2171,15776,3088,5113,19453,7836,2739,22854,4665,927,26483,7661,6532,30077,5040,1333,33734,63,4631,37192,1196,702,40992,8229,6830,44572,8865,8881,47874,5177,767,51540,4234,1412,55685,8565,5815,58781,1014,2278,62520,7214,3171,66279,8935,2707,69620,7787,2605,73219,6684,1234,77056,2392,741,80674,8000,5457,84131,6965,2229
65,1446,2910,5578,5157,3220,3706,8611,1819,8979,12311,1315,1094,15931,8040,238,19511,80,6956,22878,3956,3477,26485,1948,8376,30148,1079,5861,33774,2293,8725,37197,7266,4576,41001,3685,486,44588,5564,4969,47882,791,8065,51571,3107,2039,55692,5257,4069,58783,4755,5649,62582,5471,5273,66281,6438,2979,69630,1979,5788,73239,7171,2328,77079,4500,4035,80720,7433,1551,84137,4052,756
66,1546,4361,6792,5171,155,5471,8647,691,6334,12377,4043,8659,15949,2329,4464,19515,5678,8126,22913,8666,2062,26490,341,4998,30164,8986,7221,33807,1145,467,37237,3848,8575,41014,3242,3191,44613,8485,7566,47935,7432,2317,51604,1373,1317,55703,7491,7948,58823,7408,2190,62603,1978,7646,66305,4757,5474,69633,482,1879,73246,8777,2783,77082,8922,6317,80776,7486,1868,84148,5247,8695
67,1560,5623,4116,5202,2485,2051,8707,8284,6010,12486,4376,6306,15984,1433,6387,19517,6689,2260,22984,3361,8984,26585,5150,8257,30167,3267,508,33815,5549,6869,37248,5161,8118,41030,1272,8247,44613,4731,5908,47965,5221,5008,51682,6423,6627,55733,326,3539,58848,2257,2,62607,6663,3724,66326,1121,1083,69643,8920,6373,73288,5961,5361,77122,7074,6766,80793,6928,2404,84158,1667,6307
68,1565,1748,8187,5240,1230,8668,8756,3012,6989,12488,6485,6999,16005,2177,940,19520,692,7620,22991,4764,6954,26586,1139,8282,30193,7541,4023,33825,1418,7971,37273,1684,976,41038,5213,5649,44614,2325,4182,48004,8543,5241,51701,3532,4505,55755,4488,1601,58855,4871,8942,62609,7665,5042,66365,7434,4599,69659,1426,8160,73315,4099,7715,77153,8858,5879,80906,5935,3713,84215,7823,7547
69,1573,3763,4630,5244,1500,4691,8815,1561,6506,12489,4521,4725,16020,4721,480,19531,1398,6894,22993,2023,5704,26636,113,1522,30196,3554,887,33878,865,3927,37294,2248,888,41057,8775,7858,44616,5451,331,48010,3293,785,51713,6516,6594,55772,5671,4900,58882,3026,627,62621,7101,1496,66378,1538,7553,69669,7796,8404,73323,1999,6171,77169,1156,1768,80936,4171,5689,84238,2069,7302
70,1576,3349,8282,5255,5196,4769,8837,5092,6428,12496,7988,4964,16038,114,3080,19560,8917,3116,22997,8114,5513,26637,280,7960,30200,916,6061,33880,8394,4658,37343,5407,4935,41101,440,1897,44649,7031,3037,48015,4883,6242,51713,1975,4297,55781,6921,678,58892,915,5019,62660,1540,575,66382,1644,1629,69699,6566,8006,73353,8428,4134,77188,1115,6115,80938,5926,8110,84239,6744,2391
71,1620,5467,2128,5256,7033,4672,8853,6913,8800,12502,4694,665,16062,2509,1359,19572,2393,6873,23002,1208,7858,26640,8897,455,30222,2590,442,33906,1306,3738,37359,5047,4503,41109,4749,5607,44664,5364,7572,48022,7470,8518,51730,3031,6374,55837,1741,5362,58920,4360,3520,62662,7298,8077,66395,3853,4134,69729,2818,5559,73384,6381,1001,77195,7391,927,80974,5946,3505,84242,3681,3222
72,1650,2488,6702,5268,389,369,8854,7563,4945,12516,1442,8792,16077,4258,5432,19585,5737,4388,23023,3076,6923,26655,8507,3769,30310,2433,6197,33910,242,5650,37387,8166,7496,41130,6803,1292,44698,2293,2999,48037,6306,7135,51768,8315,5990,55859,1524,4767,59008,5496,6381,62673,2324,8106,66439,7919,1583,69737,5391,7808,73385,7726,3499,77204,7846,1611,80975,4868,8871,84293,3545,5765
73,1663,3335,888,5316,8944,8584,8861,2267,830,12622,4812,1368,16112,3225,5037,19589,8084,3872,23052,3246,2637,26671,1621,7246,30319,2171,3498,33957,6614,6539,37396,2458,2579,41141,3938,8492,44710,4568,4637,48044,2009,932,51789,6371,3178,55879,3998,5513,59065,6829,5333,62704,3622,4040,66446,6824,2057,69744,4932,618,73387,2964,69,77267,417,1354,80975,1543,7014,84311,4756,1464
74,1714,1501,6889,5340,3078,271,8865,1637,160,12633,5454,6503,16115,6288,1940,19597,2043,990,23098,2079,3356,26675,2324,5276,30320,7550,6578,33999,6079,2570,37423,8328,6072,41157,1381,587,44747,8912,3098,48066,6132,6112,51843,3501,1673,55901,704,8657,59175,1568,4616,62723,4309,1490,66456,4787,3869,69751,847,2241,73388,7954,6342,77267,1397,820,80975,8570,7592,84329,8879,4004
75,1731,4951,6844,5365,3358,732,8906,2967,1875,12665,3846,8153,16141,8312,2394,19605,3199,872,23150,7272,5809,26683,8210,2705,30321,5632,7202,34019,7946,1314,37451,2716,3708,41223,4211,7791,44753,8411,3876,48090,586,5365,51854,2935,5245,55955,5477,754,59185,5062,7118,62774,2993,7595,66456,4827,3707,69781,5967,6579,73410,5392,4802,77294,6553,2327,80996,5327,1109,84336,904,6763
76,1755,6329,441,5375,1635,5222,8919,835,4799,12676,4904,2607,16151,3068,3390,19675,8376,8620,23239,2346,6229,26683,4620,5317,30335,6307,2608,34023,2053,2972,37488,5831,7341,41321,762,8916,44773,2715,151,48140,3726,8402,51922,1652,4856,55961,176,3135,59215,173,2340,62790,4224,5720,66466,6775,4752,69827,4745,8824,73422,3362,3851,77312,6757,1140,81003,5153,5692,84343,8249,8133
77,1795,556,1840,5381,6189,3872,8950,8208,5828,12718,3394,8786,16168,127,1648,19706,6295,6606,23310,1227,3036,26685,3878,5464,30358,866,3298,34025,1917,3856,37524,6795,8762,41339,5459,3525,44781,7350,3090,48196,3559,3862,51959,7515,1729,55980,3980,3082,59225,7448,2737,62832,7901,7141,66488,4895,5023,69861,4374,5876,73448,3349,513,77351,6444,6552,81072,1714,1625,84348,6468,8171
78,1823,8036,3650,5382,8748,1459,8995,232,8301,12726,3179,6196,16181,6658,6065,19723,5570,1478,23316,6989,2072,26711,4069,5456,30383,8997,2672,34083,6600,5313,37527,1701,5758,41356,3648,2990,44826,2422,6262,48205,4269,7728,51990,6380,1558,56004,6700,4989,59244,7771,4336,62847,5545,5467,66523,1748,1845,69908,2001,4040,73524,3102,6604,77358,6005,3442,81088,6972,8103,84371,3647,4002
79,1830,8354,6824,5406,3104,2133,9007,5972,2022,12730,4312,4846,16222,2083,1506,19727,5206,7454,23335,3378,1006,26722,7896,5625,30386,1007,3140,34083,5706,4193,37533,5188,7980,41374,6237,8954,44871,8287,7659,48277,7607,8202,51992,4960,3852,56008,7454,3206,59259,8622,2951,62863,1306,2259,66534,8476,586,69910,1459,1486,73531,3834,1799,77387,3853,2044,81103,100,6483,84376,2026,6515
80,1886,5773,8786,5440,4740,669,9022,5160,4473,12740,3440,6478,16230,4336,2257,19736,6887,8439,23360,7004,1098,26761,7363,6442,30415,3180,3612,34089,2344,5481,37536,1231,8370,41380,5972,87,44877,6236,4161,48310,2309,1639,51999,716,2744,56035,5458,6977,59293,8824,2266,62865,3417,8909,66535,3398,8843,69916,8072,7858,73533,2676,8839,77392,7139,6583,81105,1776,1645,84385,8345,285
81,1972,2891,802,5469,3268,8922,9037,7306,6340,12786,7618,1637,16236,5699,8238,19781,3117,1835,23366,3160,8404,26795,7559,250,30421,4386,7520,34103,1372,4150,37563,6541,1353,41412,2846,3908,44939,6693,2185,48330,4860,7546,52012,6941,8501,56056,6140,4847,59294,1155,5327,62866,5530,6043,66537,7453,6288,69941,1442,5233,73539,6320,4676,77420,2155,2087,81121,2930,3671,84409,7274,1671
82,1987,3825,5884,5505,2281,3968,9044,4892,1119,12844,7378,3674,16243,1396,1874,19793,7285,271,23379,3216,4964,26821,1662,7229,30425,3166,4333,34117,2502,2091,37579,5034,1997,41424,7086,7111,44943,6789,8244,48386,3168,7624,52030,5322,8271,56085,7399,116,59299,7976,5003,62874,1986,581,66546,7968,2458,69981,7629,5965,73550,1787,5495,77430,8043,1057,81132,2439,6392,84415,4044,6321
83,2021,8532,8219,5519,4063,1072,9051,3409,8213,12852,8918,5803,16245,6091,8972,19850,1244,6225,23388,1077,728,26836,2408,3950,30451,5170,7031,34126,2482,7073,37596,3163,716,41429,5680,7003,44961,2204,4335,48413,1444,6902,52106,1034,4241,56088,3360,6884,59301,6571,5166,62931,8373,8675,66558,2896,2355,70034,3535,1186,73564,4968,2175,77444,7560,1602,81165,4680,6574,84416,6781,1007
84,2043,381,4247,5544,3389,6735,9093,6950,114,12880,8037,4257,16264,8344,8335,19883,3821,4016,23421,5859,2333,26876,7068,7240,30453,5278,6692,34139,6898,21,37708,5444,8791,41468,205,8706,44962,95,8195,48432,2108,2285,52147,3691,1818,56092,24,1264,59325,5045,3501,62947,8727,3537,66574,1497,8385,70046,8753,2497,73591,646,6395,77478,1743,1901,81207,1903,8320,84416,4861,2216
85,2050,6616,3811,5546,7578,6368,9158,4696,8106,12895,724,4081,16270,8176,5608,19904,8577,862,23431,7703,7219,26887,4045,6365,30461,5532,8895,34146,5407,5219,37728,7621,3174,41528,7349,7518,44979,6469,4382,48456,3533,362,52198,3863,3586,56119,1590,7102,59350,5939,4301,62959,5627,8926,66574,7903,685,70160,3683,5250,73616,602,3089,77482,4382,80,81279,469,3114,84424,639,4188
86,2053,6207,2287,5558,4338,5902,9170,7697,6208,12904,7335,2966,16270,8205,8651,19919,7744,4339,23438,1355,6965,26920,5079,7789,30486,7665,5066,34185,6610,3564,37744,879,5840,41576,2315,5771,45072,7299,1851,48461,7761,6061,52213,6922,5621,56148,278,5484,59369,2634,5437,62965,327,7952,66582,629,8797,70162,5752,7904,73631,8956,6078,77515,6289,6963,81294,3783,6258,84438,5651,8383
87,2063,6449,3953,5568,7466,7565,9175,1220,994,12937,5387,2733,16272,6980,2831,19924,5945,2836,23466,1407,7788,26956,1876,4097,30500,255,4599,34214,1368,1603,37784,8102,7788,41586,1849,5178,45075,6353,5250,48494,6207,7719,52231,661,1616,56165,7623,3649,59379,4989,5660,62976,8281,122,66589,3934,5818,70205,3560,8879,73651,1579,8877,77526,2823,7695,81298,5946,5855,84459,6558,8078
88,2073,2814,3211,5569,1864,3219,9178,3159,8530,12944,7476,6525,16323,4287,3205,19942,5237,7042,23488,8208,3902,27000,3393,4897,30519,7618,7952,34231,947,6377,37788,1506,8914,41637,490,1760,45117,689,2071,48534,2489,2504,52267,6146,4718,56169,8983,4259,59415,4523,6106,63019,2905,172,66603,1442,8162,70218,3261,8687,73661,1652,1553,77534,5728,5419,81305,621,7268,84560,8311,5964
89,2083,5645,6586,5589,743,6778,9183,525,1441,12949,4061,7392,16365,36,3568,20022,4842,627,23490,1676,7384,27043,7174,6488,30533,1425,7896,34288,7272,975,37808,7481,1263,41652,7650,1731,45193,5881,7211,48622,7392,1585,52322,5930,4527,56180,6502,6742,59418,7854,2560,63022,184,7952,66732,8481,8234,70254,360,8291,73662,6999,1553,77550,8262,5741,81309,7114,1782,84564,2352,7087
90,2093,3314,1930,5607,3858,6157,9197,1265,2790,12972,4893,7,16378,4734,2033,20031,2324,1076,23493,7094,1205,27056,2005,2128,30583,3108,719,34292,6483,8190,37856,7050,6322,41674,3761,868,45232,4646,1788,48623,3055,6272,52418,6369,3200,56189,3810,6607,59426,7985,329,63065,2456,1014,66757,819,5048,70295,685,1352,73668,5919,1664,77577,5596,2924,81321,525,3702,84576,7851,2211
91,2132,8397,6251,5639,7542,2891,9213,6846,7807,12980,7655,6628,16391,5623,8595,20082,4489,6190,23496,5839,6792,27096,6736,8903,30589,791,5284,34324,6184,5418,37878,8172,2551,41678,2698,772,45264,7048,3392,48632,2987,4764,52427,2031,2549,56228,8763,4986,59432,3802,8699,63110,1314,8418,66759,5830,3020,70308,4815,6895,73685,1938,4288,77583,6216,4623,81325,6633,5421,84589,1407,8779
92,2180,7138,4006,5646,172,6178,9244,1248,8809,12993,7756,7338,16402,4592,7321,20126,1702,487,23506,1227,2609,27123,2100,1330,30598,8674,8007,34354,3458,4505,37878,4731,1060,41708,4721,1351,45281,479,4002,48660,6107,8889,52444,288,5983,56232,5241,241,59462,4231,5448,63143,5026,3876,66774,4384,6507,70379,8263,5461,73728,3825,4625,77610,5675,8039,81327,7748,1198,84647,4553,1811
93,2196,2995,168,5683,5333,115,9292,1045,6675,13015,8107,1593,16437,8036,4311,20145,3656,4628,23594,3433,5943,27144,3394,4075,30614,1868,7249,34375,5576,4282,37881,3734,4719,41710,7350,4322,45293,1066,370,48664,6767,4535,52458,8143,7144,56237,7916,3860,59478,3634,2092,63186,982,3476,66857,7272,4321,70401,7430,3532,73783,3886,8604,77616,7406,7864,81336,2262,1183,84667,8502,2905
94,2196,5305,7514,5683,4468,859,9297,4659,8963,13017,725,191,16457,3305,4082,20146,3401,1593,23606,3987,5382,27159,2023,3238,30618,4834,1128,34395,4145,2328,37892,5546,5150,41717,4736,3841,45343,3850,7059,48689,1649,719,52461,3460,3998,56247,7351,2698,59490,6344,8757,63196,1075,1122,66858,1900,8266,70418,3671,7384,73787,5892,4675,77623,5859,3132,81348,3887,301,84688,7750,167
95,2210,5964,8483,5702,1917,3746,9315,6955,6,13033,5810,7002,16472,8341,3263,20160,6172,2769,23614,5090,4591,27194,5184,1431,30632,8006,708,34399,4191,5102,37916,7245,8849,41734,3667,4393,45346,1056,5496,48704,6577,789,52472,706,1378,56250,948,8000,59516,215,7707,63214,3965,5893,66868,1778,2863,70432,2221,7691,73796,5674,1218,77635,7071,1030,81357,4101,7641,84721,5149,1635
96,2278,3634,3481,5763,8995,3948,9326,3526,2456,13073,8983,8959,16496,2992,6073,20191,5538,1237,23650,7370,4805,27202,5471,7119,30675,5511,1764,34400,2970,5321,37924,8962,1231,41750,6314,4072,45349,1071,8681,48708,4016,5748,52531,1183,5808,56268,4822,8205,59539,7580,7766,63239,6405,967,66887,7113,4767,70438,3969,6683,73813,2265,7944,77684,4230,8896,81403,1744,8818,84741,1949,324
97,2328,2458,3563,5782,1093,6953,9380,6303,4452,13087,8513,8560,16507,6282,3307,20224,5838,297,23679,1888,2369,27224,2470,2981,30688,4825,3691,34423,6893,233,37933,5374,8023,41767,8480,7748,45353,5260,2482,48726,8415,6874,52543,8295,2660,56275,4581,2972,59540,2303,5749,63249,3827,1511,66889,5151,8405,70455,4762,2748,73837,7837,6254,77685,873,8245,81412,8012,6442,84776,2117,7230
98,2330,4421,180,5821,7149,1635,9384,3312,402,13099,134,3387,16527,6822,2855,20241,7234,8317,23681,4065,3171,27236,6386,175,30698,3817,2115,34446,5726,7915,38009,5406,5886,41772,6716,8310,45387,7260,8859,48743,1556,4171,52576,4031,6510,56305,5872,2274,59540,1600,5079,63259,8851,5828,66911,5121,3733,70467,1370,367,73868,183,6674,77690,1129,4077,81419,464,4331,84795,683,2502
99,2387,411,7988,5845,8539,6185,9384,5155,8112,13160,5187,5861,16542,8631,498,20259,8970,2050,23692,4471,2573,27241,7263,7825,30758,4069,517,34469,6562,3110,38062,6311,849,41779,1799,6368,45397,1970,1150,48743,7525,7463,52611,4018,7852,56314,675,6009,59625,6001,8945,63270,8209,2399,66920,3970,5308,70479,3169,4957,73871,6063,2496,77792,466,1305,81449,2934,44,84831,6323,4678
100,2389,875,6855,5865,1949,4064,9420,5289,4157,13173,1241,5794,16547,1913,79,20264,5769,2659,23703,7667,808,27243,5740,1903,30766,6010,1687,34487,2413,88,38073,6564,146,41823,1744,6284,45412,2594,8356,48754,7098,6563,52615,5977,6051,56314,322,7501,59628,7759,2029,63335,2455,8101,66950,5138,278,70526,3608,5922,73889,5152,3315,77799,5865,7829,81514,2467,0,84835,3179,7890
101,2390,756,874,5869,2348,2202,9431,462,6342,13179,2576,1398,16564,7369,7402,20284,6797,1423,23728,8882,6544,27259,3578,4955,30778,6456,3812,34516,1789,1810,38114,317,8122,41865,5439,2080,45427,96,6023,48770,6001,6675,52668,4358,1556,56315,4634,5826,59633,3930,8385,63359,3682,3870,66980,3259,8022,70527,2766,4898,73907,2182,3035,77804,1983,1417,81522,8976,7401,84858,2607,8538
102,2406,2151,6557,5870,7740,8330,9434,3407,1529,13182,6126,1695,16608,1428,7662,20294,1359,6634,23761,7635,8233,27330,8531,8493,30788,5193,7086,34536,8064,4148,38131,4741,4338,41873,5969,2768,45449,2965,7207,48771,8763,4285,52730,65,7337,56331,6576,2563,59648,2725,4970,63390,946,8268,66997,381,1961,70565,8459,3364,74003,5933,4021,77809,3070,6344,81529,1406,147,84884,5946,6476
103,2476,7288,2224,5880,5921,1008,9441,2595,4894,13254,3371,503,16617,6464,4666,20320,5375,3989,23768,2056,7545,27336,115,7787,30801,3000,4638,34568,722,3382,38184,7041,7884,41907,4422,4346,45477,3612,783,48833,4662,6267,52757,7911,1020,56337,8085,953,59667,2770,1040,63390,8978,4987,67009,6340,4295,70597,5438,6618,74022,591,2503,77809,4788,1793,81573,1346,6486,84896,7890,7276
104,2494,5678,8097,5892,709,1600,9459,5694,160,13270,1640,2519,16624,3544,5123,20330,4580,3153,23780,3199,257,27347,7236,8604,30831,2399,3780,34581,4314,1840,38203,4699,268,42049,6226,6863,45481,4333,8074,48839,1728,5467,52762,8038,1881,56352,5555,2167,59678,6956,94,63436,6075,7841,67012,5616,5333,70631,840,6242,74028,7454,2457,77820,1587,2323,81608,4777,8680,84922,3037,7331
105,2496,6110,1213,5892,2493,260,9480,1577,5579,13294,4125,2169,16641,6784,5510,20379,4046,893,23794,1977,7778,27360,113,5321,30857,7127,4101,34619,1345,5442,38209,269,5574,42050,1512,1437,45483,3022,7139,48840,3269,2687,52831,7742,8547,56385,6695,5460,59699,6797,4519,63438,5704,2561,67066,8377,6304,70632,4756,2258,74033,1150,863,77870,235,8862,81623,495,3713,84939,7695,2358
106,2527,7632,4223,5932,3520,4903,9513,4532,3139,13306,2951,6199,16644,8688,7229,20442,1745,1755,23829,6595,3945,27377,5398,392,30870,2800,3070,34629,1917,5112,38229,7589,2855,42068,7974,1390,45545,3999,2388,48913,151,8430,52838,8286,6511,56401,8638,837,59701,2012,5923,63473,367,8619,67073,2192,7754,70669,8031,829,74041,6297,6204,77887,8290,3732,81651,5310,1071,84969,1230,8142
107,2532,5597,7407,5952,6506,2571,9524,6419,3290,13315,3617,7875,16645,4892,1263,20458,6165,5508,23881,5415,4744,27386,5494,3291,30871,4989,4103,34650,6055,8416,38240,4462,3697,42094,2895,5212,45559,7473,4585,48918,4723,1326,52867,6903,1544,56442,5665,1869,59732,3500,4838,63485,346,8174,67113,5452,2656,70673,5361,6088,74044,2499,5759,77924,5245,6765,81654,5926,6398,84997,2697,3488
108,2546,7454,932,5963,1908,3628,9536,2081,4705,13362,6855,7040,16668,6831,7482,20466,8580,7560,23896,5180,8604,27390,4050,3583,30878,1833,311,34653,8913,4647,38278,5689,1986,42168,4509,4144,45592,7017,5255,48939,2836,1490,52869,6135,3510,56479,5774,701,59735,5833,6755,63496,5195,854,67132,8168,6117,70707,2045,1977,74080,7319,3137,77925,1408,1682,81673,4421,1344,85011,7100,4268
109,2548,24,791,5967,148,7695,9555,3285,6363,13366,5825,1826,16679,7744,7692,20530,1589,4252,23952,1457,6694,27402,3036,8375,30930,6906,5212,34776,6530,6979,38289,5762,5748,42192,5938,6707,45600,7783,8575,48940,4324,7159,52898,8880,3604,56491,7092,4291,59774,2431,2879,63499,8516,1992,67151,7338,5360,70719,3379,2240,74089,8410,5533,77975,5135,7848,81696,461,7309,85065,6445,8326
110,2556,2010,6397,5972,8031,3945,9602,8951,2381,13415,6658,5911,16715,7276,6035,20541,8689,631,23953,1732,6753,27443,5630,1764,31022,2794,770,34787,7951,7597,38320,969,4702,42214,7386,5236,45637,4566,5935,48973,4208,8974,52899,5288,7187,56558,6027,7732,59777,2837,8024,63500,319,7845,67156,7999,5901,70726,7559,3009,74102,4667,8965,78024,7451,7202,81758,441,1456,85092,2765,8040
111,2558,2994,8499,5993,5555,6905,9614,1892,2852,13419,2965,1464,16715,604,1045,20565,1255,7222,23970,8977,4937,27443,8603,5282,31034,1285,76,34801,466,6842,38343,2002,3244,42224,517,7453,45652,7188,6774,49006,3797,2201,52969,8901,4544,56622,5197,8824,59806,3373,3656,63520,6372,2430,67158,1514,7312,70727,2303,5786,74106,3189,4028,78045,564,3414,81763,3638,3319,85101,1695,1181
112,2585,8892,2557,6002,992,6860,9670,4495,307,13512,1580,339,16746,289,7898,20573,8086,3362,23979,5841,6861,27516,6968,6843,31053,4861,29,34822,5255,820,38398,5871,3681,42255,1701,1324,45673,6115,1236,49007,973,4801,52980,4539,2199,56649,8442,4574,59818,984,8016,63521,5465,5527,67184,2722,2530,70763,5392,242,74154,2087,8075,78055,4286,3986,81779,1886,6437,85118,5488,5051
113,2606,3035,6033,6003,3037,4204,9687,8892,5610,13517,2142,2290,16774,8616,4568,20579,5046,6104,24008,6864,8120,27517,7771,2009,31061,7578,3057,34828,1244,3084,38414,6799,863,42262,7901,1840,45692,987,5588,49017,664,619,53031,5804,7428,56649,4468,5727,59818,348,187,63530,6087,4955,67192,1781,8089,70774,8739,6947,74159,4681,1515,78062,1076,2896,81781,7595,1917,85124,3669,6701
114,2619,4812,4734,6012,5950,7061,9690,4431,783,13526,1076,2765,16792,1565,3008,20618,8042,855,24008,2829,2454,27583,8286,7513,31157,3807,3035,34862,5893,3360,38439,7068,337,42269,7358,3336,45692,640,8368,49088,7745,1931,53046,7848,2039,56665,1131,3004,59828,3787,1819,63548,6915,7963,67192,2426,3021,70818,1022,511,74167,4195,162,78068,4326,3999,81832,2389,3287,85129,4191,3244
115,2619,7400,4042,6038,5096,1850,9707,8997,5466,13570,7476,406,16833,8706,6126,20636,2942,2050,24019,8705,3068,27601,749,796,31172,1007,621,34877,1226,5700,38446,7017,3899,42283,3829,2480,45714,2539,4413,49116,3842,3431,53108,1733,2239,56670,4416,939,59871,5177,5302,63559,7630,2016,67193,7130,6865,70925,6496,5281,74242,8154,6670,78110,1050,2303,81846,5558,422,85139,6708,7543
116,2640,8198,2919,6052,3008,3083,9713,3463,7846,13580,3612,1063,16842,8060,3694,20644,7107,4927,24027,4389,7945,27608,489,4831,31193,683,5608,34878,6777,5504,38483,140,5318,42290,471,1066,45779,468,8148,49117,7370,1563,53134,2811,7775,56676,4239,586,59891,1640,220,63581,7049,8382,67234,807,3749,70939,6413,6454,74244,1093,7081,78117,5348,3144,81860,7315,2500,85155,8392,5649
117,2659,5421,2932,6076,798,6764,9750,6221,3323,13584,4012,975,16849,371,7256,20652,3197,7223,24038,5422,1981,27611,2606,3055,31207,2268,4396,34922,4474,6283,38488,5153,6635,42324,3022,7888,45780,5364,520,49141,54,778,53134,2578,3937,56686,8260,5816,59911,685,7598,63590,1848,5298,67243,208,7635,70940,3382,4463,74311,1837,6912,78134,679,2622,81882,2827,7765,85230,8331,4595
118,2680,6384,2991,6118,5082,1441,9802,3960,649,13595,5305,7212,16869,6667,1859,20670,2520,1531,24072,8503,2917,27666,3329,1668,31222,1462,8189,34932,1609,1011,38515,2776,3541,42363,1626,1277,45786,4622,4381,49158,3725,242,53138,7104,6206,56719,4815,5418,59911,4901,3437,63603,1632,4736,67247,7847,4772,70941,1772,6048,74316,7310,5391,78168,2509,6011,81945,6372,7075,85271,1749,5756
119,2696,5674,849,6140,7553,2018,9806,6478,8739,13596,7178,3207,16892,4130,4691,20687,1448,1590,24078,5201,1531,27673,4523,2246,31230,286,2082,34949,6534,805,38532,8478,1923,42371,5941,6648,45804,8597,7729,49185,4142,3581,53138,4200,7270,56777,3023,2930,60019,2521,3797,63628,5363,7261,67287,3437,8867,70988,275,3860,74334,6133,7581,78197,8110,3046,81945,1877,7674,85292,291,6505
120,2698,6641,1077,6209,909,5378,9808,4347,2792,13614,3341,5122,16919,6091,4312,20708,7414,4329,24085,6791,7948,27677,3175,5271,31247,316,4967,34953,3933,4667,38536,6366,4239,42373,7971,674,45822,7464,7414,49185,7296,5569,53139,4470,4068,56784,378,8859,60026,4653,8162,63657,5824,8763,67347,4105,3164,70997,8857,3722,74369,6289,4895,78225,6149,5321,81954,8771,268,85312,4019,5630
121,2783,7808,7915,6220,1656,8094,9821,4148,2808,13630,8678,6700,16949,1953,7933,20745,7225,3827,24108,2173,6269,27709,5196,8131,31248,7305,3532,34957,7743,945,38599,6547,2046,42407,4636,247,45887,708,7786,49194,3922,8858,53146,3323,1178,56806,2776,3651,60033,7504,3705,63664,5898,227,67371,5910,1646,70997,8706,434,74373,7017,2505,78299,2443,3593,81965,7103,7068,85367,2850,7521
122,2805,1025,5566,6240,3304,7988,9855,5069,4335,13680,7535,2040,16955,1656,3326,20754,5706,5620,24122,4381,764,27716,262,3524,31310,4920,2106,34997,3553,8339,38652,4336,5350,42427,2734,4349,45900,3172,3791,49219,4428,6252,53167,488,5209,56826,7934,2542,60034,3374,4450,63666,5684,6908,67423,7870,8682,71009,2232,8225,74388,3305,876,78309,3165,375,81978,6537,2729,85375,4442,4098
123,2815,4175,2574,6243,3251,5299,9864,5957,5330,13716,7355,5094,16977,1971,3504,20754,3575,42,24152,3045,4693,27727,4452,1805,31315,2223,7120,35016,6616,8557,38659,3547,1416,42473,3980,7179,45908,8455,4959,49220,7415,2092,53202,6787,541,56834,4476,1965,60069,8728,2665,63666,4025,4237,67449,6801,465,71047,5968,8236,74470,3036,8218,78318,8947,8108,82010,2838,5180,85397,8234,7229
124,2823,2789,8311,6252,3958,7229,9888,7520,6165,13751,3522,7684,16987,7423,7708,20771,6852,780,24156,580,6516,27762,8355,6557,31321,5271,1596,35022,8101,6746,38677,8215,479,42475,5710,2404,45916,4243,95,49231,8274,3458,53250,2564,3993,56842,6293,420,60135,3078,385,63684,5040,4535,67457,5373,7030,71083,629,1822,74474,5261,1844,78369,8503,686,82022,484,6728,85401,219,1197
125,2832,5621,4998,6252,1475,1250,9909,1209,469,13754,4610,4166,17023,3940,936,20786,4604,1757,24161,4145,3783,27776,6036,6280,31406,2004,4685,35060,5711,5867,38686,4878,2415,42487,8215,1142,45949,6537,523,49255,6299,4960,53254,3999,5074,56850,913,6982,60167,4486,8216,63694,8357,2420,67468,7842,5356,71088,2320,1011,74609,5046,3895,78370,8055,6843,82033,1581,7260,85433,3380,2089
126,2835,6850,6608,6277,234,1266,9921,484,5346,13758,4262,2873,17054,6960,131,20813,5534,4519,24163,5333,4155,27782,5295,7485,31452,40,7100,35066,1215,5357,38695,5694,2710,42493,2495,6930,45957,498,923,49261,3546,6541,53265,5574,5977,56853,916,3210,60209,6090,3121,63696,7149,2391,67474,7567,7976,71090,343,8056,74628,5865,548,78373,6684,4028,82045,7698,170,85440,431,5713
127,2928,3494,3723,6280,4007,6445,9927,1309,2343,13769,7754,6278,17065,4403,8394,20815,923,1401,24175,3591,5228,27801,4226,5500,31456,7141,435,35081,6852,6748,38700,1188,3104,42499,8774,8282,46073,2336,6118,49327,3380,1677,53266,3046,5583,56865,5077,2982,60229,3746,8383,63728,293,4506,67478,6041,1007,71099,8146,6985,74633,1492,5618,78419,6509,3892,82054,2901,1356,85444,1204,6951
128,2949,7161,2549,6297,3041,4972,9947,3090,215,13769,2449,1724,17065,8161,8906,20825,8043,6138,24188,2470,6262,27802,1495,1490,31463,2074,7240,35126,4136,3621,38700,156,3278,42539,6751,2309,46088,5628,4061,49329,538,6923,53273,3288,2573,56871,6977,5279,60247,3926,6151,63772,8350,1413,67481,7693,1352,71137,946,2677,74657,3379,5391,78430,1817,2719,82062,2944,1834,85459,986,2028
129,2959,6701,7353,6326,1363,4537,9976,4179,5856,13802,4811,701,17116,4149,8223,20841,7884,7652,24191,5757,850,27820,4973,8859,31465,4685,5381,35190,2419,7121,38744,6949,3175,42573,921,137,46094,6539,7263,49404,1337,5545,53289,706,3418,56873,751,8976,60248,3566,3026,63776,2996,5733,67538,8022,4076,71148,6293,1247,74679,2075,6970,78436,5430,4568,82074,2878,3760,85459,5750,188
130,2967,3121,741,6350,6964,8311,9987,5799,4326,13802,1976,2134,17146,8335,1980,20908,552,6782,24210,6758,4053,27827,13,461,31490,4636,7354,35298,5357,8494,38749,326,2985,42598,6636,7626,46106,8584,72,49415,3621,4458,53307,1030,7001,56923,1332,943,60273,7144,4793,63829,1138,4019,67543,1919,7183,71162,4762,4251,74774,8496,1704,78471,1317,8878,82086,2698,3880,85482,4942,3717
131,2981,6286,2135,6379,4805,5357,10000,3429,3571,13843,7413,4216,17166,8567,4631,20913,4096,2730,24224,4203,4201,27861,5249,168,31504,4990,657,35312,137,328,38797,3025,4928,42607,4393,2568,46118,6565,3000,49426,1960,6598,53330,1493,5676,56944,8355,1790,60276,4447,8187,63916,6033,4140,67544,4280,7500,71173,3275,4724,74775,8649,6946,78481,808,5192,82136,1104,3420,85518,7737,1533
132,2986,190,8032,6417,4098,7077,10016,2639,7665,13856,6086,1966,17211,1319,3200,20923,3606,2213,24234,7521,733,27883,3235,7367,31531,6666,347,35314,6796,7907,38806,2273,2406,42610,7672,8467,46153,3668,1336,49443,2375,5924,53341,1938,2443,56955,3093,1373,60303,1485,5204,63923,5401,2958,67578,2270,7751,71217,5883,5902,74863,785,1688,78552,156,570,82147,6263,4867,85526,4921,3617
133,3005,3046,6978,6428,7079,8638,10064,4903,4704,13857,7660,3745,17222,3406,1530,20950,6388,8295,24313,575,6576,27929,8026,5475,31540,195,1318,35318,2725,3392,38834,6485,839,42625,5652,2622,46161,2686,8640,49451,1952,6550,53347,4233,3460,56970,4431,3333,60304,5737,7561,63968,7462,7224,67642,6853,846,71255,8168,4182,74870,3904,2549,78568,4210,2174,82148,6842,6706,85532,157,2659
134,3014,1273,5166,6432,2271,2646,10073,1532,6866,13860,3823,2334,17227,5241,667,20953,6082,1101,24332,4310,3090,27934,3839,3177,31580,827,7314,35324,6481,6200,38845,5317,2721,42634,4308,6060,46166,589,8426,49505,2357,1326,53353,8718,4427,56998,5628,70,60317,5471,663,63971,8254,7937,67642,7386,322,71279,7156,5643,74876,1552,3294,78576,2852,7183,82185,3122,5968,85538,8209,7116
135,3036,2480,5261,6481,3281,197,10082,8095,3856,13863,2423,7817,17364,2706,2184,20973,60,4829,24334,5942,2429,27957,962,4948,31591,2545,4109,35350,1387,442,38850,5403,264,42644,8281,6990,46194,8588,905,49565,4230,3217,53393,6881,419,57001,6110,2214,60342,5466,3664,63986,3030,5733,67655,4186,4521,71295,5563,5013,74888,4639,4080,78599,215,3263,82205,3190,427,85582,8606,2230
136,3043,7990,7293,6482,6750,6955,10167,418,7824,13878,3605,7427,17385,16,758,21033,3965,5955,24343,5643,94,27982,1617,2352,31601,4162,8171,35397,5550,2389,38881,3277,1400,42677,7143,5624,46194,3840,6016,49570,2095,4910,53414,1754,8816,57019,6118,7255,60393,2696,2838,64098,1372,3937,67666,4928,4905,71296,5616,6439,74888,2049,3859,78607,794,4082,82208,1701,5639,85612,3107,5406
137,3088,6798,5180,6483,1810,3501,10169,8364,8047,13891,3771,984,17404,6781,4912,21037,8070,7345,24364,246,6679,28007,2192,6365,31608,7668,498,35404,1877,5755,38910,7640,5787,42680,119,562,46195,7822,5764,49575,3288,3175,53421,1197,8730,57025,4554,8115,60397,8257,65,64117,5296,2796,67671,2876,8433,71344,7846,1920,74898,5930,8047,78613,7813,8231,82209,1380,1244,85614,5774,114
138,3090,7550,3141,6502,1747,3128,10177,1924,1955,13910,1895,6358,17433,7867,856,21047,2801,1313,24366,7609,6637,28015,901,3756,31624,8594,1311,35422,231,8587,38932,5018,6702,42681,2486,2548,46229,2742,2047,49657,286,1638,53520,406,1878,57032,1837,2983,60408,6113,381,64138,7580,2281,67686,5979,7318,71355,5084,2025,74973,6030,3982,78616,2430,538,82223,656,4733,85615,6387,3386
139,3114,5858,5891,6547,8509,6795,10207,290,6112,13933,3264,7779,17441,2433,3132,21080,8905,2475,24383,4509,8294,28040,7268,8302,31638,5518,6692,35427,69,5807,38943,8000,3032,42704,247,712,46258,6336,2742,49726,1499,2862,53528,4219,2926,57032,5176,4865,60432,240,6343,64143,2399,428,67731,7847,3260,71376,7733,6606,75011,7598,79,78638,397,1320,82291,3088,2665,85623,7504,2741
140,3117,7473,2926,6569,2286,8737,10209,8578,7953,13991,4802,8998,17464,6163,5412,21151,4168,5936,24436,6294,8288,28045,8379,6399,31705,6110,1581,35431,7433,6287,38960,8900,2661,42707,680,1590,46262,3837,8947,49727,1275,3871,53529,844,4856,57042,4336,1464,60442,8590,1682,64177,8754,456,67757,6605,4819,71388,4326,3664,75020,816,3302,78663,2279,304,82337,2431,7316,85660,7226,557
141,3151,3080,6490,6574,7517,2308,10283,3511,4483,14003,4602,641,17492,4181,8644,21156,5809,8764,24449,8069,8418,28055,1470,6748,31705,7628,6944,35470,3886,5059,38963,4806,7626,42734,1257,3316,46264,5607,1401,49762,1385,7526,53541,4161,7469,57048,8459,1789,60514,6589,2953,64178,6557,5160,67766,4564,4630,71388,2129,749,75027,543,4755,78678,94,6111,82355,1959,6983,85717,2067,4528
142,3170,7090,5162,6614,1433,4412,10329,6394,5343,14042,3207,497,17498,5434,701,21162,6862,8966,24550,6936,7677,28066,1243,1575,31722,6666,8277,35511,3038,5028,38975,7992,5406,42741,1790,4031,46296,8938,4879,49780,8299,3495,53547,5300,7722,57075,4168,8048,60567,5921,6837,64179,5019,2300,67826,6238,2581,71424,7440,4659,75034,3554,5839,78783,2875,8460,82421,2894,7544,85728,2474,4933
143,3174,2358,7694,6668,7706,8281,10333,2549,3273,14055,599,519,17522,2843,5695,21179,3042,5909,24578,7342,4587,28070,4969,6009,31723,5298,7431,35524,4731,7704,38975,3695,8054,42751,6800,6010,46296,4359,4683,49802,5169,6585,53548,1373,2048,57187,4015,4643,60580,8493,5010,64208,7848,6873,67873,5187,8868,71452,8458,2789,75041,8840,1778,78845,7266,6783,82500,2436,7752,85762,7493,5579
144,3196,2588,6834,6722,8827,7183,10340,8034,1481,14075,7296,5670,17523,6818,2694,21179,3706,162,24582,6051,7034,28071,8133,7645,31768,5786,6648,35529,4085,431,38984,8314,2322,42784,2094,4115,46313,8997,779,49841,1074,297,53548,7013,5453,57199,6998,787,60584,3600,6060,64285,8751,3775,67878,1151,1567,71529,1739,3925,75080,2279,2010,78853,6807,3586,82524,1010,8984,85787,689,8775
145,3222,3615,3157,6738,5660,6593,10386,7862,6714,14079,8821,3266,17587,1571,3477,21189,701,3195,24584,3612,1127,28100,7886,6211,31772,5770,6384,35541,7139,3407,39012,4916,570,42803,7234,2395,46347,5830,927,49853,2735,7829,53555,3439,6779,57216,1477,108,60597,418,1658,64331,5477,4350,67881,1366,7154,71547,1910,8841,75153,795,6437,78860,5206,4283,82555,684,1559,85833,7775,8247
146,3245,5781,3486,6756,8706,5921,10416,3332,2047,14083,6754,5231,17590,5079,7859,21199,8547,2098,24660,8817,3777,28132,862,6879,31831,6830,241,35555,4018,1135,39034,5734,4032,42831,4532,5229,46366,2607,5882,49861,7277,2506,53561,1008,774,57230,8483,3701,60606,4536,64,64361,1775,7888,67902,2388,685,71566,289,3230,75190,8631,8891,78865,8112,6379,82572,3891,4973,85839,3762,1549
147,3257,8802,3410,6772,3867,1748,10433,6653,8824,14093,8517,5295,17595,4017,1947,21245,539,652,24665,7016,3466,28187,3890,5593,31867,20,523,35558,8082,8305,39037,3763,6577,42845,1238,8550,46373,8006,3609,49889,855,7098,53562,5983,7514,57239,3245,8605,60618,4022,2795,64367,3391,4299,67954,6723,8426,71626,8607,5632,75201,2318,8956,78922,6708,8020,82600,7198,1728,85843,4022,629
148,3288,4702,4067,6784,3405,7420,10478,8781,5200,14093,4015,6413,17618,8450,468,21250,4535,4558,24701,1236,3039,28198,3898,8234,31904,7118,4938,35566,3169,6273,39046,4560,4293,42856,447,6709,46393,5386,6628,49936,6889,1068,53567,4640,8243,57247,8707,4444,60647,3597,7384,64368,4289,1954,67973,2940,5494,71679,5534,8101,75210,7712,634,78928,2633,3856,82630,449,4205,85860,3336,7508
149,3303,5314,3970,6789,8386,6359,10491,2341,428,14109,6232,4021,17623,8869,2066,21258,6539,4347,24719,7546,8089,28319,7902,6872,31950,3277,8881,35603,8144,7073,39078,8339,3369,42858,2517,1396,46445,8194,774,49965,3920,8510,53574,1814,4286,57288,1282,5689,60674,7786,8175,64376,1262,4373,67986,8377,7361,71698,5810,8382,75214,7205,4564,78942,7509,205,82658,2886,8435,85968,2962,733
150,3335,8895,4473,6791,2625,7373,10584,5130,7458,14122,5607,6389,17638,2926,738,21259,3121,7893,24725,3093,2043,28365,1860,4500,31954,3226,2462,35610,8490,809,39140,4623,8305,42917,7212,2017,46447,2261,2942,50001,8452,5241,53611,5015,6601,57291,3405,3246,60694,1105,2960,64388,5826,796,68041,6455,716,71712,3254,7626,75242,998,5531,78949,2328,626,82665,3189,5209,86004,6485,8963
151,3343,6607,7200,6792,5110,7721,10610,669,2519,14150,5050,6252,17676,3838,4636,21260,8303,6958,24735,7176,5226,28415,3238,6743,31969,7184,138,35612,2293,5048,39174,2619,480,42944,6293,2675,46456,6468,3452,50050,6364,5577,53658,5151,8791,57297,5385,6645,60706,4443,7973,64394,3875,6481,68044,634,2870,71724,8180,3916,75280,6640,7947,78953,7380,5004,82676,8149,2061,86013,4266,4343
152,3364,7624,4269,6815,2680,4850,10613,550,616,14175,2813,7303,17709,2285,4356,21319,5541,1572,24771,6720,5251,28417,5014,2397,31983,4233,4476,35618,2707,2791,39196,8470,1404,42956,3047,3634,46495,8655,4697,50069,6657,6754,53740,8308,3237,57330,5959,672,60720,569,1970,64415,845,7544,68081,7887,5627,71725,8614,1153,75314,3445,97,79017,4020,3543,82681,1104,3960,86052,4134,3332
153,3403,6219,7002,6826,186,4747,10623,8261,5371,14177,7439,556,17718,6236,6768,21333,921,8054,24855,7486,3355,28446,8196,4697,32003,1991,3212,35630,156,6556,39276,3353,7610,42962,2873,1331,46520,510,8480,50070,1251,5259,53763,1809,6864,57337,2320,8861,60831,4952,5842,64454,8145,7599,68094,1766,8224,71734,1890,2553,75331,8885,1733,79058,8099,2990,82696,7886,342,86084,7614,4261
154,3425,7480,8673,6830,4277,617,10675,2482,1228,14211,1032,5255,17720,8515,2617,21354,183,6412,24901,407,2238,28456,2295,2291,32012,2646,1163,35642,6992,1759,39349,5803,2372,42971,1227,7153,46525,1385,8279,50115,6397,4121,53770,3787,7319,57376,5461,7571,60852,6736,4738,64497,6054,731,68110,2202,3980,71755,607,7181,75402,7405,2051,79063,3027,7775,82697,2544,4334,86123,1614,1706
155,3490,7929,1694,6837,1678,5215,10680,4348,817,14223,3953,3196,17828,5881,2236,21369,2416,3204,24913,621,1523,28485,761,142,32166,809,7808,35646,4215,7127,39385,261,1296,42977,1960,653,46532,437,8136,50178,2045,4520,53774,4944,284,57377,5763,5144,60862,8431,891,64519,1821,5562,68110,1259,2498,71780,4948,3282,75417,6453,5131,79065,1811,1129,82698,4353,6840,86131,2866,2438
156,3502,3713,510,6868,6150,320,10685,3587,379,14225,3335,6223,17866,5333,8241,21415,3521,4594,24998,387,538,28499,8576,1040,32215,2438,8511,35701,6933,7917,39424,7222,543,42996,6233,6876,46590,3248,6640,50193,343,6791,53818,7262,3395,57405,8511,6941,60880,7271,138,64547,198,2138,68140,2203,4907,71781,1323,619,75435,8486,2633,79075,8474,3503,82701,7236,8601,86153,937,5522
157,3516,4311,7747,6913,5028,2934,10710,1561,5876,14234,2460,6050,17872,8641,411,21474,6479,4498,24999,6658,8705,28516,7678,8361,32235,2892,621,35794,4139,3985,39466,7679,8605,43049,3125,8575,46604,2768,8221,50233,3322,2089,53834,7124,6470,57419,2024,3999,60891,3306,935,64629,7848,1082,68197,6780,5679,71784,1300,2044,75467,6139,3884,79076,4399,968,82703,3084,2112,86167,1972,2946
158,3534,188,1382,6927,1035,4367,10716,3838,2010,14278,1423,6532,17890,2563,8270,21479,8039,6674,25001,975,8951,28519,4959,7771,32276,1390,6712,35830,7640,5568,39468,4282,5969,43049,8466,7030,46653,4658,6833,50247,6751,6381,53861,2188,4076,57452,5961,7335,60921,1961,8500,64631,740,3057,68205,6917,5177,71804,370,1016,75482,273,3726,79100,6588,58,82718,2778,2561,86183,3774,4823
159,3544,863,6251,6987,6656,1791,10719,65,1799,14304,7430,208,17936,5783,465,21492,5261,5348,25056,7162,8580,28554,4193,8205,32286,7140,3308,35901,4804,955,39470,731,3754,43068,6305,2804,46661,14,5467,50264,8059,4547,53887,4167,2963,57464,3159,7481,61007,1606,6138,64634,6346,4331,68227,4001,54,71871,5491,2523,75512,7779,5313,79117,7102,5502,82724,6799,781,86251,2050,3809
160,3547,3857,3279,7035,463,173,10721,2649,641,14313,1229,5201,17957,3524,1620,21541,1177,7622,25060,5165,4931,28646,4382,5518,32286,6708,46,35912,1807,3271,39474,2851,1442,43099,5366,1064,46687,1023,3808,50282,5010,5447,53919,6929,1274,57499,547,7389,61014,6062,696,64636,418,1876,68239,1437,3870,71883,7132,5483,75519,156,7839,79156,7663,3568,82739,8131,4318,86270,6355,7202
161,3554,3621,6636,7066,6599,4301,10744,6420,3238,14373,7434,6730,17959,4005,5170,21543,905,1971,25073,8520,1441,28651,5530,3666,32326,6155,5895,35919,2924,766,39484,7510,3268,43164,144,1209,46688,2853,3723,50292,8772,7401,53926,5751,8625,57502,7263,291,61155,7711,6619,64639,4808,1805,68266,8273,3750,71907,6943,1823,75528,6890,6214,79165,2986,5444,82741,4717,2984,86283,5601,6439
162,3555,2507,2526,7106,8689,7114,10768,7046,1488,14374,8369,7573,17972,8068,1355,21569,1911,7597,25095,4870,6995,28710,7766,4030,32328,6751,1896,35927,4221,305,39549,2423,1184,43180,1126,4605,46697,6824,3313,50295,4561,5211,53967,1033,5246,57569,6381,4238,61161,4119,2084,64686,3377,2400,68266,1408,844,71917,3126,2665,75549,4183,690,79199,4792,2354,82759,1353,4531,86320,224,372
163,3558,8276,2916,7153,8778,8555,10780,1028,5907,14393,4389,8919,17979,4863,3296,21575,5364,6227,25157,5740,1138,28744,339,8632,32331,586,2706,35949,3314,6694,39576,1717,6881,43188,6164,8148,46787,2060,2081,50325,8508,888,53984,499,7384,57580,4259,7111,61189,239,6259,64757,7763,6133,68281,480,1590,71955,7230,4279,75567,1117,6672,79200,4814,1832,82769,8490,2704,86327,1618,841
164,3562,2132,7250,7160,5191,693,10794,7716,4032,14393,4534,360,17998,2777,8504,21586,7846,1400,25197,7555,3609,28764,3957,801,32388,1545,4524,35953,3590,2111,39579,1555,4005,43188,645,4180,46795,8873,62,50331,5710,5209,53989,5863,1571,57584,7002,3079,61191,5093,6637,64766,8650,852,68329,4280,8150,71980,5517,7851,75590,806,588,79200,1122,4065,82799,1693,1288,86366,3224,1792
